{
    "model": "gradientboosting_latest",
    "evaluated_at": "2025-09-12T20:40:14.276268",
    "accuracy": 0.740722891566265,
    "precision": 0.8053777208706786,
    "recall": 0.6197044334975369,
    "roc_auc": 0.8387986801747375
}