{
    "model": "logisticregression_latest",
    "evaluated_at": "2025-09-12T02:03:39.539637",
    "accuracy": 0.7932530120481928,
    "precision": 0.7795801526717557,
    "recall": 0.8049261083743843,
    "roc_auc": 0.8719681197137281
}