{
    "model": "logisticregression_latest",
    "evaluated_at": "2025-09-12T20:40:14.313471",
    "accuracy": 0.7908433734939759,
    "precision": 0.7795957651588066,
    "recall": 0.7980295566502463,
    "roc_auc": 0.8750288130867181
}