{
    "model": "randomforest_latest",
    "evaluated_at": "2025-09-12T20:40:14.389789",
    "accuracy": 0.7021686746987952,
    "precision": 0.6333109469442579,
    "recall": 0.929064039408867,
    "roc_auc": 0.830946184589646
}