{
    "model": "randomforest_latest",
    "evaluated_at": "2025-09-12T02:03:39.616180",
    "accuracy": 0.6973493975903614,
    "precision": 0.6257309941520468,
    "recall": 0.948768472906404,
    "roc_auc": 0.8327762803234502
}