{
    "model": "xgboost_latest",
    "evaluated_at": "2025-09-12T02:03:40.514218",
    "accuracy": 0.7354216867469879,
    "precision": 0.7979539641943734,
    "recall": 0.6147783251231527,
    "roc_auc": 0.8352444465098987
}