{
    "model": "xgboost_latest",
    "evaluated_at": "2025-09-12T20:40:15.209478",
    "accuracy": 0.7412048192771085,
    "precision": 0.8025316455696202,
    "recall": 0.6246305418719211,
    "roc_auc": 0.8336857514638907
}